,lexid,street_name,city,state,zip
0,0,140 Jason Way Apt. 304,East Annaside,IN,13590
1,1,303 Lee Plain,North Gina,PY,19595
2,2,5791 Campbell Crossing Suite 313,Lake Joshuabury,NZ,93703
3,3,0698 Kevin Rue,South Michaelshire,BH,74124
4,4,5275 Michael Center Suite 458,Port Kirsten,MY,74474
5,5,2469 Fields Mission,Brandonfurt,CI,13036
6,6,42787 Johnson Valley Suite 991,North Russell,NP,26102
7,7,93591 Jamie Drives,Yorkhaven,ID,27913
8,8,72947 Benjamin Street,Murphyshire,ID,16634
9,9,6286 Schmidt Station,Garciafurt,BR,9811
10,10,912 Christopher Crossing,Contrerasshire,GR,20754
11,11,1273 Cobb Mill,Danielton,KW,83780
12,12,6554 Griffin Manors,Tuckershire,MN,62693
13,13,0844 Joel Light Apt. 816,Mayberg,FJ,27941
14,14,4779 Olson Isle,South Hollyfurt,JP,6826
15,15,222 Lisa Oval Suite 937,South Julie,FM,44187
16,16,1913 Gina Mills Apt. 309,East Amber,HT,41128
17,17,701 Candice Ports,New Alexanderview,NZ,52083
18,18,391 Ashley Union Suite 295,Chadmouth,PW,85528
19,19,3113 Howe Unions Suite 073,Robinview,TO,41826
20,20,16974 Lawson Plains,New Laura,TV,93080
21,21,00448 Charles Spur,Mullinsbury,FR,34897
22,22,4877 Carlos Trail Apt. 417,Lake Richardborough,CH,78346
23,23,8018 Julie Radial Apt. 668,Lake Jacobfort,UA,60791
24,24,011 Weeks Club,New Melodystad,PT,58205
25,25,059 Jamie Springs Apt. 352,Harrisonmouth,YE,71400
26,26,6248 Brandon Expressway Suite 163,Wrightside,BR,14706
27,27,5586 Gloria Vista,North Sandra,ME,89479
28,28,47659 William Union Suite 920,Williammouth,CD,99132
29,29,88240 Jessica Ridges,West Scottfurt,SV,39544
30,30,22982 Larry Lake,East Daniel,MH,66587
31,31,12952 Shields Canyon Apt. 678,Lynchmouth,SM,2017
32,32,6922 Sarah Camp Apt. 604,Navarroton,BN,6064
33,33,987 Lee Mountain Suite 624,New Calebmouth,AF,4571
34,34,3877 Henry Fork,North Jennifer,SC,3143
35,35,15555 Latasha Orchard Suite 562,Murphyside,SZ,94888
36,36,410 Bell Mountain Apt. 783,West Michellestad,DO,58378
37,37,03894 Jason Dam,Port Annetteton,LS,80634
38,38,71591 Erica Causeway Apt. 031,East William,MR,821
39,39,38677 Alex Terrace Suite 607,New Sarahport,ES,34331
40,40,794 Gabrielle Passage,Smithmouth,BE,61342
41,41,53789 Amanda Center,Jacobsburgh,UG,46362
42,42,7799 Friedman Cape Suite 806,West Kyliestad,SR,73874
43,43,31765 Waters Creek Apt. 736,Garciaton,PK,79246
44,44,150 Ford Square,East Julietown,BF,29051
45,45,73958 Rachel Lake,Port John,VC,94878
46,46,9273 John Lock Suite 391,Douglasmouth,KP,5059
47,47,2159 Tyler Underpass Suite 901,Lynnton,CH,21090
48,48,132 White Dam Suite 952,Darrellshire,PL,95018
49,49,4326 Erica Garden Suite 219,Hoodfort,ES,29769
50,50,9951 Francisco Junction Apt. 827,Gibbstown,LY,45843
51,51,30542 Roberto Cove,Lake Rhondahaven,MV,12752
52,52,881 Kristi Street Suite 173,Ryanmouth,KH,57563
53,53,570 Scott Square Suite 620,Lake Jonathanberg,KM,97184
54,54,685 John Viaduct,Charleshaven,KZ,24043
55,55,33700 David Spring,North Joshua,FR,43102
56,56,78109 Wright Harbors Suite 581,South Jessica,DJ,73503
57,57,49860 Carpenter Fork,Cassieburgh,ZM,7729
58,58,60604 White Squares,Nguyenbury,AR,62459
59,59,88028 West Field Suite 617,New Ralph,BZ,26758
60,60,626 Shelia Path Suite 750,Rachelmouth,SV,20737
61,61,0756 Yang Plaza,Alexandraville,US,89665
62,62,4633 Jones Square Apt. 371,Richardsonfort,GM,87002
63,63,87267 Savage Freeway Apt. 508,Mercadoshire,SE,27494
64,64,978 Anna Roads Suite 182,Corytown,KG,28002
65,65,759 Michael Manors,West Steven,SL,74823
66,66,130 Holder Track Suite 060,East Karen,SD,45656
67,67,52214 Catherine Manors,Melissaburgh,AL,16295
68,68,66194 Miller Dam,East Marc,IT,65191
69,69,5402 King Squares Suite 888,Meyerstad,IE,24448
70,70,374 Edward Rapid Suite 746,Vincenttown,LR,65490
71,71,979 Ryan Trail,Starkbury,FR,2210
72,72,96859 James Ramp,Thomasborough,GQ,91323
73,73,53523 Griffin Prairie Apt. 313,East Patricia,VU,43228
74,74,9358 Christine Valleys,East Michelle,PY,40877
75,75,64350 Larsen Mission,Lake Davidtown,IR,23616
76,76,98734 Wilson Mission,Murrayborough,PW,63292
77,77,7534 Todd Prairie,West Stephaniestad,ET,76825
78,78,892 Sanders Shores,Fieldsburgh,IE,4840
79,79,255 Sean Station,Lake Victoriaborough,MW,72307
80,80,10180 Keith Stravenue,West Victorbury,NO,70391
81,81,125 Jacob Forks,East Jenna,TZ,30806
82,82,087 Jonathan Unions,New Richardchester,TJ,67953
83,83,746 Wilkerson Forks,Kathrynport,CL,1468
84,84,45843 Ethan Summit,South Brian,JO,43770
85,85,790 Andrew Road,Wilsonville,ZA,25098
86,86,133 Webb Hills Suite 146,Riveratown,IS,12688
87,87,74490 Tara Mission Apt. 021,Brownmouth,MN,84025
88,88,055 Nathan Square Apt. 859,Knightville,HN,74298
89,89,4045 Flowers Pines Apt. 322,Lynchton,CM,16957
90,90,459 Edward Flats Apt. 980,Cherylbury,TD,22501
91,91,89689 Katelyn Harbors Apt. 494,Marymouth,NO,16736
92,92,032 Luna Union,South Donald,BI,24279
93,93,37732 Tucker Plaza,Port Kylefurt,MV,18355
94,94,5512 Payne Oval Suite 442,Jonesmouth,PA,584
95,95,99765 David Village,North Anthonymouth,FI,83846
96,96,936 Jennifer Road,North Chad,UY,85146
97,97,553 Becker Green Suite 054,Pattonland,MD,33093
98,98,334 Alisha Ford,Meyersside,SV,68966
99,99,451 Ricardo Run Suite 399,Elizabethfort,ER,26983
100,100,9406 Crystal Centers,East Jacqueline,DZ,74547
101,101,6655 Courtney Island,Port Barbaraville,HR,25868
102,102,7892 Hunter Throughway Apt. 860,Cunninghammouth,DO,50476
103,103,003 April Valley,West Randyton,LT,69421
104,104,69207 Reyes Hill Suite 085,South Maryfort,QA,50323
105,105,203 Colon Vista,Richardburgh,TW,41874
106,106,9921 Gillespie Run Suite 260,Lake Nancybury,GA,11688
107,107,03015 Carla Groves,North Laura,CU,9810
108,108,1069 Nicholas Islands Apt. 407,Ruizhaven,NI,61768
109,109,3741 Kevin Turnpike Suite 744,Lawrencebury,CI,67554
110,110,214 Baker Course Suite 833,Jameschester,BJ,96934
111,111,780 Emily Turnpike Suite 354,Cobbville,KW,90527
112,112,2128 Hall Divide,Adamborough,MC,8788
113,113,934 Sarah Cape,Taylorland,BR,49037
114,114,6575 Freeman Keys,New Jamestown,DE,48416
115,115,08827 Sanders Row,North Stacey,UZ,11496
116,116,99527 Thomas Stream Apt. 220,North Paulaport,TL,28123
117,117,7029 Wendy Drive,Lake Trevorside,BA,11730
118,118,02472 Smith Prairie,Knappshire,KZ,2410
119,119,67472 Benjamin Ways,West Christopher,BW,44162
120,120,8666 Brooke Pike,Petersonchester,NR,40778
121,121,517 Saunders Walks Suite 794,North John,FM,23512
122,122,8471 Gutierrez Mount Suite 664,East Sandraside,AF,73914
123,123,48375 Small Creek,Shannonfurt,LC,52238
124,124,112 Watson Course,North Douglas,SC,81700
125,125,218 Green Bridge Apt. 165,North Edward,EG,17164
126,126,3867 Simpson Pass Apt. 578,East Jared,RO,91110
127,127,4028 Glenn Well,Kingland,PE,19429
128,128,49273 Jason Inlet Apt. 587,Watsonstad,MD,90786
129,129,68188 Young Ridges Apt. 105,Adkinstown,DK,86772
130,130,68182 Leah Meadows,Nancyview,SZ,93406
131,131,56591 Kevin Lodge,West Kyleburgh,GH,29945
132,132,7883 Parrish Forest,Davistown,ES,36248
133,133,844 Nicole Throughway Suite 380,Cynthiachester,CD,66455
134,134,5205 Stevens Knolls Suite 599,Lake Melanieville,BH,68935
135,135,90786 Thompson Village,West Anna,ZW,28559
136,136,3310 Mary Landing Suite 032,Rebeccastad,DM,48192
137,137,348 Sara Trail Apt. 754,East Pamela,BG,73044
138,138,885 Crystal Vista Suite 340,Adamschester,BI,20482
139,139,48622 Sheila Harbor,Lake Mariahtown,ID,6287
140,140,5466 Ramos Corners,East Andreaville,BG,38447
141,141,915 Omar Pike,Wonghaven,CV,75896
142,142,75972 Jennifer Mission,North Susanfort,AM,80769
143,143,235 Susan Key,Port Patrickberg,MY,96180
144,144,9830 Cody Fall Suite 133,Lauraville,MM,9873
145,145,8566 Vincent Dam Suite 280,Davidtown,JP,55811
146,146,75291 Davis Vista Suite 169,Port Michelle,MM,94721
147,147,99235 Horne Ports,Destinybury,CN,75808
148,148,5611 John Inlet,New Richard,MV,56918
149,149,38554 Seth Square,New Andreamouth,VC,97261
150,150,957 Evelyn Ways Apt. 963,South Nicholasport,SV,68595
151,151,802 Marquez Tunnel Suite 744,Leslieville,SA,63688
152,152,713 Samantha Trail,Barbaraberg,VU,76977
153,153,331 Ronald Tunnel,Mariomouth,PS,36929
154,154,189 Williams Club Apt. 257,Danahaven,LR,7624
155,155,025 Wilcox Mall,East Juliebury,VN,75015
156,156,72541 Katherine Place,North Melanieland,TN,59675
157,157,21443 James Walk,Douglasville,MU,99150
158,158,88717 Webster Spurs,Jamesshire,EC,22193
159,159,37953 Alexander Ville,North Joannaport,GN,73426
160,160,052 Henry Lakes Suite 126,Chadhaven,SK,87519
161,161,1342 Angela Mall,Seanton,TT,59629
162,162,360 Davis Fort,East Amy,KZ,6628
163,163,46677 Daniels Crescent,North Richardborough,OM,50906
164,164,08100 Jacob Glens,Meyersmouth,BF,5872
165,165,145 Michael Oval Apt. 861,Bernardmouth,BS,48936
166,166,2416 Gardner Branch,South Lori,AG,79759
167,167,662 Scott Knolls,West Kayleefurt,MC,30670
168,168,08983 Gonzales Loaf,Barbarabury,MV,15715
169,169,9312 Hayes Park,Williamston,ST,86108
170,170,247 Brown Hollow,Lake Dylan,KE,39172
171,171,6141 Hammond Harbor,Lake Troy,BT,94548
172,172,715 Pamela Loaf,Ewingville,BH,33730
173,173,48406 Olivia Pass Suite 910,Stevenshire,BB,98998
174,174,6525 Jacqueline Oval Suite 052,West Wesley,NO,70400
175,175,320 Joe Points,New Michael,CH,34953
176,176,4081 Sara Corners,Cainfurt,DK,16247
177,177,735 Melissa Manors Apt. 471,Daniellebury,CO,22898
178,178,73050 Bell Manors Suite 870,Johnview,CI,95472
179,179,623 Katelyn View Suite 530,Williambury,VA,4442
180,180,634 Ellis Locks Suite 255,Port Laura,FI,39267
181,181,1168 Joseph Street,North Scott,VN,74286
182,182,94729 Harrington Divide,Michaelhaven,PL,37478
183,183,34969 Vanessa Walk,West Melanie,ID,17709
184,184,05509 Mcdonald Dam,Ashleyfort,DE,92729
185,185,5209 Michelle Pike,North Christopher,VA,56963
186,186,31821 Jacob Prairie Suite 217,Ashleyside,SM,52968
187,187,9428 Turner Hill,East George,GR,57367
188,188,07237 Tonya Turnpike,Brockmouth,BJ,85915
189,189,6167 Scott Highway Apt. 274,Harrisborough,RS,3669
190,190,1058 Fischer Spurs,Garciamouth,CO,52658
191,191,0522 Frederick Valleys,South Tiffanyfort,MD,51158
192,192,9644 Williams Pine,West Tyrone,IL,5171
193,193,39070 Tara Parks Apt. 655,Nelsonmouth,BJ,34024
194,194,6196 Valerie Points,West Davidhaven,BG,80779
195,195,7665 Alvarado Ports Suite 956,Sanchezchester,VA,78917
196,196,984 Kristina Prairie,Port Anthonyville,KZ,48993
197,197,141 Adkins Green,West Dylan,TR,51810
198,198,2059 Ryan Tunnel Suite 008,Lake Michaeltown,GQ,14284
199,199,20495 Mejia Motorway Apt. 784,Patriciamouth,UZ,76209
200,200,2344 Tabitha Field,Rodriguezfort,VU,65078
201,201,65269 Short Light,Woodberg,DZ,67174
202,202,1868 Stevenson Light Suite 649,Jonesfort,LR,75112
203,203,850 Gray Rapid,North Lauriemouth,SE,52502
204,204,592 Jesse Way,Lauraport,KP,52251
205,205,142 Victoria Centers,Martinezside,AG,96899
206,206,1034 Watson Extensions,Maryburgh,FM,46125
207,207,93096 Johnson Corners,East Carolynmouth,MC,8799
208,208,2470 Pearson Light,New Frank,MN,18160
209,209,006 Lawson Forest,Clarkstad,BJ,58357
210,210,895 Williamson Point,Jaredstad,SD,66028
211,211,563 Ellen Knolls Apt. 054,West Ronaldshire,BO,36172
212,212,296 Collins Keys,West Katherine,BN,83746
213,213,91850 Sullivan Loop Suite 038,South Mary,TJ,55207
214,214,390 Emily Fort,North Davidville,MK,30163
215,215,2038 Murray Avenue,Laneview,SB,26028
216,216,694 Margaret Parkway,East Kirstenport,PS,78434
217,217,145 Jeffery Parkways Apt. 974,Bergertown,AU,44140
218,218,15760 Lisa Stream Apt. 379,Brianstad,UA,97902
219,219,81856 Greene Common Apt. 902,Prestontown,GB,63182
220,220,6699 Holland Walk Suite 971,Johnsonport,AM,83192
221,221,36236 Christopher Lake,New Jacquelineshire,VU,99345
222,222,72023 Warren Ford,West Patricia,KG,17811
223,223,601 Rachel Pass Apt. 355,Williamfort,BF,30399
224,224,99156 Elizabeth Valleys Apt. 660,New Christina,RS,96044
225,225,0413 Martinez Common Apt. 719,Browntown,PA,82943
226,226,0312 Kimberly Greens,North Brandy,VE,54898
227,227,49231 Copeland Crest,Petersonside,RW,29298
228,228,982 Davis Ways,Monroeview,AF,55433
229,229,7710 Robert Row,Kimtown,MC,85083
230,230,64363 Sosa Islands,Millerstad,KE,85534
231,231,83065 Dominique Stravenue,South Carl,CZ,30624
232,232,9552 Eric Turnpike Suite 444,North Bradley,BO,89156
233,233,0437 Torres Mountain,West Jenniferland,MX,43668
234,234,6461 Myers Mews Apt. 341,Moniquehaven,MV,11956
235,235,001 Michael Gateway,New Jamie,SR,24344
236,236,38407 Carter Mission,Lisaside,LT,17826
237,237,63454 Ramirez Expressway Suite 167,Danielborough,PG,98919
238,238,87626 Smith Mountains,Michealside,RW,46752
239,239,36306 Jones Valleys,South Joseph,DM,47468
240,240,7162 Ryan Burg,Portertown,MM,70088
241,241,60007 Matthew Point Apt. 203,South Melissa,IL,67252
242,242,975 Rachel Alley,Martinburgh,LK,51754
243,243,743 Diana Wells Suite 600,Nicoleborough,AL,91952
244,244,4007 Crystal Point,Pearsonton,ID,59388
245,245,931 Fitzgerald Ville Apt. 243,Lake Brenda,MZ,26682
246,246,7110 Martin Track Apt. 604,Peterside,PS,27786
247,247,093 Scott Vista,East Eric,KI,16439
248,248,84638 Rios Court,West Suzanneshire,SZ,63176
249,249,9954 Jennifer Burg Suite 927,West Matthew,IS,66540
250,250,708 Katherine Mill Suite 825,Lake Elizabethfurt,LS,89082
251,251,001 Stephanie Overpass,Lake Jeffreymouth,NZ,41651
252,252,388 Hill Courts,Port Daniel,CA,86520
253,253,7764 Clarke Ranch Apt. 094,Lewisville,TW,47722
254,254,438 Coleman Run,North Paulport,TO,19214
255,255,9218 Lisa Crescent Suite 395,New Kayla,RS,85934
256,256,82955 Vaughn Road,Collinstown,SK,28052
257,257,8696 Stevens Meadow,Lake Christopher,MM,51959
258,258,390 Johnny Drives,South Anthony,ER,21960
259,259,611 Bailey Loop,Russellfort,BA,21675
260,260,1350 Morales Points Apt. 806,Laurenmouth,EE,62523
261,261,8417 Harris Rapids Suite 689,Murphyshire,KR,89233
262,262,6056 Joshua Stream Suite 072,East Erica,MM,79968
263,263,764 Wiley Ridge Apt. 131,Ibarraburgh,BI,75728
264,264,549 Hayes Loaf,Andreatown,AM,625
265,265,30839 Scott Road,Fischerland,VA,47574
266,266,73168 Nelson Haven Apt. 512,New George,FM,31629
267,267,0491 Daniel Villages,Kelleychester,CM,50215
268,268,0573 Richard Dale,Sparksberg,AO,11071
269,269,585 Elizabeth Ports,Jasonville,IE,10092
270,270,070 Rodriguez Neck,Troybury,TH,12055
271,271,846 Jones Rue,New Jamesbury,LI,95075
272,272,4036 Amanda Mall Suite 922,New Kathleen,PW,41527
273,273,731 Tracy Loop,North Sarah,TO,59619
274,274,0379 Craig Ridge,Morganport,UG,65313
275,275,2208 Garcia Inlet,Brownhaven,GB,39196
276,276,08781 Cardenas Point,East Kevinmouth,KM,75562
277,277,1940 Sally Passage,East Ashley,LV,72083
278,278,96314 Knapp Rapids Suite 109,South Jessicaborough,SL,73385
279,279,1906 Michael Points Apt. 346,Port Katherine,SI,47606
280,280,3360 Murillo Groves Suite 339,North Shellyland,EC,6406
281,281,3652 Ferrell Pines Apt. 469,South Christina,MT,54086
282,282,2573 Smith Cliff Apt. 431,West Melissaville,DO,96438
283,283,635 Audrey Locks Apt. 712,South Nicholas,CU,33072
284,284,6502 Brooks Flat Apt. 353,Jamesport,SC,38522
285,285,18135 Cook Square Apt. 708,Walkerchester,NG,3426
286,286,708 Anthony Groves,South Brookeville,AL,35324
287,287,289 Lewis Centers Suite 955,Donaldbury,HN,657
288,288,2563 Timothy Rapids Suite 628,New Deborah,ZM,74261
289,289,57175 Christopher Fall Suite 453,New Justin,AF,62134
290,290,0372 Timothy Square Suite 793,Lake Charles,IN,20972
291,291,8811 Jennifer Road Suite 273,Port Emilyshire,HN,77625
292,292,2371 Rodriguez Mills Apt. 624,Jeffreyfort,IN,50896
293,293,5028 Tammy Gateway,North Jennaberg,SN,31889
294,294,008 Robert Forks Suite 552,Port Georgeside,DJ,98201
295,295,8886 Barnett Court,Ryanstad,SG,91651
296,296,023 Brandi Divide Suite 925,East Melinda,PS,19503
297,297,751 Cisneros Lights,Sheilaville,MH,40378
298,298,54838 Jennifer Garden Apt. 943,Lake William,TT,42383
299,299,1134 Randy Views,South Amanda,DZ,27273
300,300,6048 Maria Valley Apt. 366,North Tracyfurt,IN,94627
301,301,161 Welch Rapid,Lake Cindyside,MA,72399
302,302,80822 Kathryn Locks,South Briantown,SI,71105
303,303,07742 Swanson View Suite 035,East Kimberlymouth,FM,36934
304,304,700 Stephen Groves Suite 868,Dawnmouth,TN,52668
305,305,6473 Small Ferry,Hamiltonside,RU,64475
306,306,089 Vincent Course,New Casey,ES,65347
307,307,538 Paul Plaza,New Rachelhaven,AM,74781
308,308,49093 Jones Streets Apt. 513,Anthonyville,AZ,86106
309,309,71378 Kimberly Motorway,South Jonberg,AR,23132
310,310,510 Micheal Streets Suite 058,New Markborough,TD,58836
311,311,5622 Eric Drive,New Ericshire,AR,15434
312,312,60003 Young Loaf Apt. 868,West Brian,CA,10316
313,313,2254 Espinoza Brooks Apt. 501,Port Annland,SC,87195
314,314,252 Raymond Glens,Lake Craigside,KM,3356
315,315,3315 Sara Locks,West James,WS,32457
316,316,7376 Donald Stravenue Suite 246,Port Timothychester,IE,93362
317,317,116 John Creek,North Marc,VC,53955
318,318,36240 Alexander Junction,Cherylchester,PW,22058
319,319,9273 Manuel Skyway Suite 754,Bakermouth,KP,79235
320,320,389 Guerrero Trafficway Suite 399,Mendezstad,GB,9643
321,321,890 Johnson Burg Suite 781,Jamesview,MX,8957
322,322,19876 Ryan Trail Apt. 456,Thomaston,CV,9458
323,323,2460 Kimberly Oval Apt. 783,Lesliehaven,GN,94700
324,324,8316 Evelyn Manor Apt. 892,Markshire,BY,99469
325,325,0182 Hunter Ramp Apt. 778,Thompsonside,BY,41361
326,326,9022 Michael View Suite 331,New Brandon,SO,63471
327,327,78765 Mariah Inlet Apt. 828,Lake Desiree,TG,49422
328,328,457 Philip Throughway,Floresville,LK,44610
329,329,3182 Amanda Square,Victoriaberg,VE,33771
330,330,9816 Robert Road Apt. 149,West Allisonhaven,CM,94613
331,331,507 Schultz Motorway,New Jenniferberg,GT,87154
332,332,2690 Sarah Ferry Suite 140,Schmittmouth,MY,53792
333,333,2516 James Pines Apt. 483,Morenoview,SE,2047
334,334,09314 Elizabeth Flat,West Meganhaven,KM,46371
335,335,78303 Tara Green Suite 947,East Christopherville,VU,21961
336,336,333 Katherine Mission,Breannashire,GW,62048
337,337,506 Maria Islands,Bryanland,BD,20487
338,338,579 Paul Row Suite 704,Seanburgh,SR,34440
339,339,460 Gibson Shores,North Matthewview,SM,96042
340,340,501 Andrew Rest,Lake Christopherbury,MY,57371
341,341,713 Harris Junction,East Cynthia,CM,94497
342,342,5699 Luna Neck Apt. 327,East Ann,CI,5234
343,343,13442 Nicholas Island Apt. 062,North Holly,TJ,10984
344,344,007 Kelsey Island Apt. 679,Tamaraport,UG,45928
345,345,72593 Vasquez Glens Suite 850,Oneillside,SK,46135
346,346,56262 Adams Walk,Rickyside,ML,87768
347,347,5919 Crystal Ranch,Petersonton,PE,77094
348,348,78522 Bradford Islands,Arnoldmouth,MH,4654
349,349,08732 White Club Suite 681,Brittneymouth,ID,16223
350,350,8758 Holt Green Apt. 731,Lake Davidhaven,CH,34661
351,351,5288 David Island,North Benjamin,LY,74086
352,352,045 Reeves Brooks Apt. 880,Barryfort,ET,64607
353,353,0386 Sherman Cape,Port Luishaven,MY,84659
354,354,687 Quinn Greens,Timothychester,ME,61724
355,355,66161 Mills Point Suite 745,Lake Christina,LU,3934
356,356,8811 Espinoza Extensions,New Carl,EG,72201
357,357,376 Joseph Shoals Suite 862,North Elizabeth,MK,62533
358,358,3405 Lopez Haven,South Danielleberg,JO,26193
359,359,134 Mikayla Via Apt. 113,Port Victoriaville,HT,39174
360,360,037 Young Highway Suite 376,West Anahaven,ZA,9993
361,361,6813 Nguyen Walks,Scottfort,KN,74214
362,362,919 Dana Burg Suite 937,New Jessica,SN,76346
363,363,953 Jacqueline Canyon,Jonesland,PE,99443
364,364,1078 Martin Crest,Rebeccafurt,HT,66554
365,365,66112 Joshua Center Apt. 892,New Rebecca,LU,80794
366,366,0313 Parker Ville Suite 965,Landrychester,DZ,97245
367,367,75305 Johnson Locks Suite 547,Jenniferberg,GH,98933
368,368,279 Stewart Mount,East Jasonchester,MG,27124
369,369,880 Mary Center,Castillofort,TN,80353
370,370,2185 Cheryl Forges Suite 013,Martinville,ER,28550
371,371,111 Roberta Cliffs Suite 873,South Kenneth,FM,75963
372,372,684 Patrick Underpass,New Larryside,CI,87581
373,373,0823 Simpson Crossing,Lisaview,SD,10764
374,374,64989 Chelsea Tunnel Suite 517,Port Elizabeth,ZA,54368
375,375,23261 James Lake Suite 060,West David,KN,681
376,376,3756 Ronald Wall,Hunterside,MY,81078
377,377,88496 Pacheco Divide Suite 194,Lake Joshua,VA,23107
378,378,53123 Roger Manor,East Anitaview,TT,63494
379,379,5458 Virginia Road Suite 220,Freemanport,FM,9994
380,380,636 Barnes Gateway,Davidside,TO,49123
381,381,15358 Dawn River,New Jonathanside,SM,7408
382,382,24237 Cooper Village,Fritzmouth,BB,11485
383,383,57849 Janet Freeway,Laurenhaven,MH,75419
384,384,824 Price Row,South Kelly,RW,26094
385,385,47705 Hansen Square,North Billyport,FJ,57893
386,386,848 Ferguson Roads Suite 531,Madisonburgh,ET,53457
387,387,5038 Dyer Shore,Gregoryburgh,PE,80355
388,388,69100 Tina Forks Suite 471,West Sarah,EG,95581
389,389,32529 Carrie Estates,East Robertobury,RU,46492
390,390,0746 Taylor Pike Suite 251,North Crystalton,BH,1972
391,391,3107 Stewart Cove,North Michaelburgh,JM,11546
392,392,237 Wood Garden,South Michelleville,HT,751
393,393,597 Johnston Isle Suite 829,Nicholasfurt,IE,19617
394,394,3318 White Place,Hernandezberg,SA,86852
395,395,74843 Lopez Glen Apt. 960,East Stephaniemouth,KP,38283
396,396,04354 Gibson Dale,Kaylahaven,GR,3055
397,397,87306 Jennifer Plaza,Lake Lisa,VE,70817
398,398,9459 Johnson Squares,Biancaland,MM,70296
399,399,861 Morris Tunnel,Port Kevinburgh,MC,74719
400,400,9104 Rose Run,Kimberlyland,ES,86665
401,401,714 Bradley Ville Apt. 764,Hannabury,SC,46467
402,402,4628 Clark Plain,West Derrick,SZ,62300
403,403,3997 Hawkins Island,West Josephland,VN,97690
404,404,789 Dana Lodge,Port Christopherburgh,MA,56902
405,405,73756 Flores Square,North Steven,GA,62087
406,406,830 Christine Neck Suite 045,Williamsfurt,AT,41151
407,407,3367 Brooks Park Suite 789,West Carlostown,KH,95068
408,408,5318 Amy Haven,Robertmouth,KN,25910
409,409,281 Miles Station,Joshuamouth,RU,18909
410,410,9059 Clark Mews,North Denise,JO,56210
411,411,45399 Wayne Spring Suite 233,Colemanfort,NP,44166
412,412,0717 Meyers Underpass,Jessicamouth,MA,37060
413,413,795 Breanna Loaf,Emilyborough,BN,58243
414,414,690 Aaron Dale Apt. 112,Youngton,BO,30588
415,415,1011 Owens Ferry Apt. 854,Lake Kaylafurt,VN,82052
416,416,661 Thomas Keys Suite 043,Tylerhaven,RU,16458
417,417,83420 David Prairie Suite 327,Jenniferside,KG,54375
418,418,79539 Lindsay Lakes Suite 507,North Lori,ES,69329
419,419,3589 Daniels Isle,North Kerry,OM,60734
420,420,676 Kelly Parkways Suite 028,Walkerland,MR,69820
421,421,380 William Forges Apt. 799,Williamsbury,MG,27164
422,422,715 Cox Ridges,Transhire,NE,73861
423,423,8929 Amanda Grove Suite 147,Port Denise,LK,61852
424,424,150 William Fort,Thompsonville,DK,54802
425,425,173 Robert Pines,Robertshire,GA,96619
426,426,402 Mack Burgs,North Davidville,YE,12735
427,427,38578 Christina Island Apt. 931,Port Kimberly,VU,76233
428,428,7183 Rebekah View,East Tricia,AR,15902
429,429,24716 Michael Crescent,East Brandi,BJ,68402
430,430,2088 Erica Village Suite 042,Port Ashley,BN,88770
431,431,376 Andrew Stravenue Apt. 180,Maryfort,JM,31133
432,432,913 Foster Highway,South Lorichester,TO,40041
433,433,540 Deborah Trail,Thomastown,CA,87567
434,434,8812 Avila Loaf,Ronaldmouth,PW,86085
435,435,8853 Nathan Locks Suite 459,New Thomasburgh,GQ,76417
436,436,9031 Reeves Ranch,Wesleyport,LS,16364
437,437,194 Benjamin Fort Apt. 250,Lake Johnview,LR,78647
438,438,110 Christopher Curve,Garciamouth,MT,91016
439,439,292 Smith Crest Suite 391,East Christy,UA,45894
440,440,510 Tucker Courts Apt. 449,Caitlinberg,SL,10554
441,441,34650 Timothy Shores,Carlashire,MG,15148
442,442,518 Barrett Way Suite 148,Davisborough,RS,65208
443,443,9073 Karen Mills,Brownburgh,DJ,63489
444,444,0155 Marissa Union,Rodgersfort,SY,92575
445,445,0230 Karen Cliff,Blakestad,SZ,44596
446,446,155 Sandra Turnpike Suite 435,Michaelbury,GD,82887
447,447,72474 Michael Manors,Seanbury,LB,41560
448,448,8589 Myers Ramp,Lambertborough,BG,44694
449,449,873 Calvin Shores Suite 528,Kellyside,MR,67481
450,450,04665 Horn Mission Apt. 273,Deanview,VU,57472
451,451,143 Fitzgerald Haven,South Joshua,NI,31329
452,452,40247 Dylan Mountains,Deborahburgh,IN,24681
453,453,6048 Jeremy Mountains Apt. 756,Lake Barbaraview,LI,57006
454,454,2585 Jessica Ville,New Amy,MA,84795
455,455,20661 Roberto Dale Apt. 471,Port John,SN,29450
456,456,50332 Carr Junctions Apt. 415,Williamsmouth,RW,60138
457,457,12881 Jeffrey Circle Suite 605,Nunezside,VE,40781
458,458,02460 Nguyen Roads Apt. 316,East Sean,NO,70642
459,459,7655 Alicia Rapid Suite 760,Harrismouth,BZ,61196
460,460,38999 Brent Bridge,Port Darrellfurt,VA,86577
461,461,67431 Mora Island,Michaelside,TW,57656
462,462,613 Mosley Shores Apt. 780,Kathleenstad,YE,49705
463,463,428 Gonzales Spring Suite 165,Terrimouth,GQ,51743
464,464,772 Ariel Lake,North Erikstad,CD,51363
465,465,6042 Rogers Square Apt. 362,Lake Johnmouth,KN,72550
466,466,939 Dale Squares Apt. 631,Rebekahtown,LK,70469
467,467,2718 Richards Divide Apt. 579,Kimberlyburgh,CM,95572
468,468,43496 Shepard Avenue Suite 116,Wallaceton,MK,43312
469,469,3551 Lisa Flats Suite 518,Hillfort,NG,55235
470,470,818 Davis Common,North Travisside,TV,25647
471,471,16887 Debra Centers,Carneyhaven,BW,14335
472,472,2992 Lynch Lake,South Jessica,CL,34242
473,473,2923 Crystal Fort Apt. 219,Gallegosland,AM,29923
474,474,99245 Melissa Lodge Apt. 484,South Kathleen,PS,52508
475,475,67046 Anthony Stravenue Apt. 968,Kevinberg,GM,98336
476,476,4316 Adrian Freeway Suite 893,Lopezstad,MG,54875
477,477,1059 Rachel Route,Michaeltown,AF,65421
478,478,32202 Michelle Inlet,North Gary,CF,34480
479,479,4933 Jacqueline Parkway,Lake Crystal,CO,11859
480,480,676 Johnson Estates,Timothyfort,TG,59078
481,481,7118 Matthew Terrace,Tiffanytown,AU,88519
482,482,14053 Emily Lake,Burtonshire,PH,32620
483,483,52790 David Stravenue,Lake Kyle,MH,46000
484,484,35754 Hall Valley,Christianland,JM,68633
485,485,02844 Olivia Lodge,Joelton,PA,22037
486,486,987 Jesse Road,Matashire,PS,29782
487,487,44279 Edward Prairie,Kennethside,DK,61865
488,488,63546 Alexandra Island Suite 346,North Josephport,SI,78917
489,489,54145 Myers Glen Suite 505,Johnborough,QA,52507
490,490,9704 Hall Pine,South Russell,MT,46584
491,491,997 Donald Way Suite 082,West Jennafort,SA,99025
492,492,051 Benjamin Coves,New Melissa,PL,81538
493,493,7846 Christopher Cliffs,Johnsonview,TG,94231
494,494,2290 David Dale,Jeremiahfort,LV,90234
495,495,5056 Wilson Trail Apt. 397,Santosborough,MY,45141
496,496,4064 Sandra Radial Suite 503,Lake Rebecca,FR,85172
497,497,63128 Davis Route Apt. 704,Johnsonland,TH,23383
498,498,78907 Rivera Shoals,New Jennifer,BG,80881
499,499,461 Krause Stream,Richardfurt,MM,46956
500,500,6176 Williamson Corners Suite 064,Port George,PT,5421
501,501,52441 Garza Heights,Weaverport,PA,16029
502,502,307 Martha Court,West Isabeltown,BZ,22331
503,503,7621 Timothy Vista Suite 076,Andersonton,MG,22174
504,504,7057 Katie Shoal Suite 880,Port Melissa,FI,18734
505,505,114 Johnson Coves Suite 835,Port Sarah,NE,2530
506,506,2769 Matthew Trail Suite 549,Clarketown,MW,62254
507,507,172 Stephanie Isle,Kyleville,TN,37939
508,508,071 Mckenzie Ranch Apt. 211,North Andrewville,GB,2284
509,509,82389 Mark Burg,Johnsonside,NR,74050
510,510,37604 Joseph Stravenue,Jessicachester,MW,86292
511,511,00488 Larry Light Suite 410,New James,SB,6999
512,512,829 Willis Glen Apt. 610,North Elizabeth,QA,21959
513,513,0331 Chelsea Ridge Suite 212,Michaelfort,MD,98173
514,514,9389 Andrew Trafficway Apt. 581,North Dustinborough,KW,38183
515,515,769 Melanie Causeway Apt. 138,New Brianna,RS,82497
516,516,578 Brian Circle,Jenniferfort,AU,7300
517,517,3795 Lori Spurs,Port George,CU,62193
518,518,807 Cooper Ridges Suite 424,Kylehaven,PS,59106
519,519,60640 Vaughan Groves Apt. 949,East Kimberlyburgh,DO,64395
520,520,9328 Martin Route Apt. 941,Kellyberg,AZ,4058
521,521,08080 John Pines Apt. 341,Brandiview,TL,6478
522,522,66745 Johnny Prairie,Alexandermouth,TV,2128
523,523,4989 Kristin Loaf,North Sarah,VA,46555
524,524,239 Pamela Plaza,Barbarahaven,LR,89179
525,525,0779 Wallace Ridge,East Kevinmouth,GQ,25418
526,526,357 Cassandra Landing,Lake Kayla,TV,92892
527,527,8263 Keller Viaduct,Alexisstad,SK,37633
528,528,08736 Morris Corner Suite 278,North Jasonberg,FR,93665
529,529,716 Robin Rest,Lake Kristine,BD,46436
530,530,1550 Carr Plains Apt. 462,Tiffanyport,NZ,52254
531,531,30730 Willis Isle Apt. 226,New Geraldfurt,EG,58475
532,532,7596 Hernandez Courts,New Joshuaport,KW,47246
533,533,26294 Murphy Locks,West Jessica,FM,62742
534,534,72804 Maria Forest,East Maryland,MK,75246
535,535,7251 Smith Summit,East Danielle,TO,71707
536,536,0982 Sara Cliffs Apt. 443,New Michaelmouth,VC,78569
537,537,5706 Williams Springs Apt. 280,North Emily,NG,22651
538,538,38759 Lopez Cove Suite 450,Stacytown,AO,51468
539,539,96702 Ryan Mountain Apt. 437,East Carolstad,CF,14540
540,540,82370 Tonya Fields Apt. 119,Lake Rebecca,MY,38371
541,541,64414 Dennis Fort,West Diane,LI,68460
542,542,6021 Steven Spur,Youngville,BH,88088
543,543,9968 Cowan Ridge,Port Ruben,IE,93243
544,544,128 Haley Mews,Romanshire,PG,53524
545,545,0646 Fields Motorway Apt. 638,New Gina,UY,45126
546,546,078 John Station,Youngshire,LS,54858
547,547,020 Ashley Groves Suite 963,Port Patriciatown,SV,60457
548,548,555 Gonzales Shore Suite 326,East Thomasland,CM,3194
549,549,868 King Ports,East Alexandra,GY,48403
550,550,150 Holly Club,Port Kevin,LB,30007
551,551,82057 Kimberly Drive Apt. 374,South Danielbury,PG,33821
552,552,9513 Richardson Land Apt. 800,Jacksonfort,GW,24745
553,553,167 Christine Divide Apt. 766,Port Thomas,OM,88546
554,554,960 Martha Vista,East Justinshire,LC,26526
555,555,5249 Joseph Summit,Gonzalesport,ID,72266
556,556,358 Karen Valley,West Barrybury,TH,82034
557,557,36994 Margaret Squares,West Christopherhaven,SD,40544
558,558,149 Mendoza Mill,Abbottland,NO,92780
559,559,499 Stanley Shoals Apt. 952,Melissamouth,PT,51117
560,560,4381 Marsh Crescent,West Carrie,KR,62033
561,561,76204 Hogan Mews,Harrismouth,TR,10658
562,562,350 Timothy Haven,North Mikebury,MH,14258
563,563,41424 Lisa Centers,Lake Michealville,ZW,19088
564,564,9093 Julie Mall Apt. 650,Port Stanley,CL,57721
565,565,4699 Osborne Manors,Brendaborough,ZM,66207
566,566,593 Schroeder Locks Apt. 359,Meghanborough,BT,19727
567,567,09816 Nathan Lake Apt. 418,North Angela,SO,40515
568,568,5927 Anderson Meadows Apt. 689,New Peggy,BF,83992
569,569,05072 Daniels Courts Suite 158,North Ronaldbury,MW,69002
570,570,8198 Timothy Throughway,Lake Timhaven,GN,25177
571,571,173 Ashley Fork,Walkerview,BA,17595
572,572,743 William Path Suite 309,East Anthony,PW,96003
573,573,88912 Robert Keys Suite 498,West Richardfurt,LT,9531
574,574,793 Patterson Roads Apt. 317,North Lucas,SL,43303
575,575,3876 Samuel Stravenue,New Marytown,KN,99182
576,576,8461 Angela Green,East Steven,AZ,90134
577,577,0102 Donna Overpass Apt. 498,New Marcusport,LR,60115
578,578,970 Benjamin Stream Apt. 967,Port Wayne,QA,55830
579,579,5544 Lyons Road,East James,CF,62281
580,580,534 Amy Terrace Apt. 287,Ruizside,CD,49311
581,581,3944 Hudson Estate,West Tanyaborough,CH,9646
582,582,485 Grant Rapid Suite 858,Millerburgh,JP,3598
583,583,5731 Hernandez Radial Suite 018,Rebeccahaven,KZ,29957
584,584,03000 James Isle,South Jamesport,BW,41773
585,585,1086 Jones Green Apt. 102,Jakeland,LT,97726
586,586,464 Angela Parks,Lake Timothyview,BA,11696
587,587,69656 Santos Parkway Suite 796,West Judy,ET,34128
588,588,52778 Ryan Stream Suite 489,North Veronicastad,PA,38751
589,589,3863 Watson Viaduct,East Sharonport,NI,24137
590,590,05005 Spencer Trail Apt. 830,West Andrewbury,LB,19764
591,591,2660 Holt Locks Apt. 069,East Carol,RU,39684
592,592,3496 Robert Dam Apt. 249,Chavezmouth,GB,73906
593,593,436 Green Forges,Aprilhaven,KN,33228
594,594,356 Brenda Fort Apt. 071,South Samuel,IR,54601
595,595,7708 Zachary Ports,Keithstad,NP,17863
596,596,0182 Cindy Crossing,West Tracyview,KW,32188
597,597,791 Baxter Loop,East John,PG,32321
598,598,5677 Blevins Locks,Nelsonberg,HR,22662
599,599,85988 Leslie Land Suite 861,Snowton,CO,49322
600,600,5247 Jacqueline Ferry,Deanstad,TH,21268
601,601,71861 Allen Ports,West Hannahhaven,IL,87996
602,602,325 Debra Branch Suite 681,East Jasonshire,GT,5100
603,603,13501 Wesley Branch Apt. 764,Brownton,AT,89869
604,604,966 Michael Square Apt. 828,Port John,CH,55771
605,605,9328 Wells Loaf Suite 788,Lake Johnshire,EE,20023
606,606,5308 Hawkins Crescent,Katrinastad,DJ,99939
607,607,91903 Nicholson Forest,South Nicholasfurt,RS,34152
608,608,69286 Mills Ridges Apt. 783,Lake Michaelborough,TV,42130
609,609,67410 Scott Manors Apt. 539,Thomasview,KM,95928
610,610,7117 Evan Lake,Danielfurt,CF,40248
611,611,3358 Williams Crescent,North Michaelborough,YE,63211
612,612,7073 Andrew Radial,North Luisberg,MD,27167
613,613,9224 Sarah Light Suite 989,Christopherbury,AD,12594
614,614,8164 Martinez Circles,Blackburnstad,AZ,40578
615,615,1714 Vincent Haven,New Deborah,AT,52893
616,616,9862 Kennedy Common,Fitzpatrickburgh,GW,51606
617,617,498 Brown Brook,North Jenniferchester,DO,95436
618,618,435 Jesus Summit Apt. 821,West Victoria,CN,27675
619,619,391 Christine Roads Apt. 785,Rebeccaton,TR,715
620,620,9212 Brandon Mission,Melanieview,RU,1584
621,621,2528 Stephanie Isle Suite 712,Lake Debraport,DJ,4187
622,622,22574 Benjamin Camp,Villaville,IL,5637
623,623,92353 Daniel Stravenue Apt. 541,North Bobbychester,KW,2254
624,624,5787 Rivera Spring,New Emily,CM,7023
625,625,3122 Mallory Well,Patrickton,UY,3972
626,626,337 Stewart Route Apt. 207,Port Linda,MD,96993
627,627,772 Kimberly Union,Annetteberg,TT,71865
628,628,934 Christina Crest,Scottshire,MY,16020
629,629,11272 Carter Bridge Apt. 306,Rachelfort,IT,95175
630,630,6693 Frey Points,Lake Ericaville,MX,97696
631,631,214 Stevenson Estates,East Michaelland,BH,18774
632,632,49968 Michael Points Suite 406,Taylorport,SY,27888
633,633,3254 Rodriguez Locks,Millerberg,BZ,22950
634,634,876 Clark Walk,Michaelborough,UY,6891
635,635,33718 William Shore,Michaelview,AF,46607
636,636,080 Parker Port,Lake Melissaberg,ZA,76032
637,637,44324 Sanchez Field Apt. 070,Bushberg,PG,28616
638,638,2213 Ortiz Ville Suite 645,Eatonside,NG,36363
639,639,16524 Chen Vista Suite 637,Rowlandberg,CF,94143
640,640,8613 Cindy Freeway,Jayton,KZ,42008
641,641,772 Christina Points,Millermouth,GE,39221
642,642,1868 Jason Drives,Port Courtney,MH,49198
643,643,545 Ramirez Common,West Tiffany,MY,78148
644,644,590 Miller Stream,East Cody,IR,59736
645,645,4306 Lawson View,New Amber,SK,21501
646,646,89230 Samantha Plaza,Carterside,CN,80038
647,647,847 Scott Coves,Susanborough,SB,6363
648,648,71177 Brenda Stream,West Kristin,WS,21289
649,649,3940 Mitchell Plain,Johnhaven,CN,91044
650,650,929 Williams Village Apt. 238,East Sheilachester,CF,63099
651,651,86500 Wendy Mall Suite 870,North Michelle,BA,1237
652,652,31795 Guerrero Vista,South Jennifershire,PE,72434
653,653,481 Ryan Greens Apt. 357,New Maria,CN,69479
654,654,86498 Jesse Street Suite 099,Lake Karenside,CH,83910
655,655,874 Jones Station,Saraport,PH,37090
656,656,6869 Taylor Lodge Suite 351,Allenfurt,SA,11635
657,657,82416 David Skyway,Riosborough,EC,73535
658,658,583 Danielle Roads,Dixonburgh,ME,24460
659,659,39316 Hurley Plaza Suite 268,Watsonmouth,HR,40329
660,660,587 Brittany Views,Port Benjaminfurt,BI,22024
661,661,978 Sawyer Tunnel,Yangton,TT,32996
662,662,08932 Schneider Path Apt. 836,Harpermouth,KZ,79091
663,663,9307 Shelby Walk,New Christopherville,BW,29348
664,664,9162 Andres Route Suite 785,Heatherville,GR,22768
665,665,63986 Andrew Forks,Webbburgh,HN,15567
666,666,6267 Castro Bridge Apt. 656,Davidburgh,OM,51215
667,667,582 Bill Mills Apt. 523,West Edwardbury,MY,77536
668,668,720 Samantha Manors,Bryanshire,BD,23325
669,669,048 John Prairie,Port Taylor,ES,29555
670,670,72812 Natalie Meadow Suite 408,Carlosburgh,MD,72426
671,671,4996 Angela Falls Apt. 283,East Andrew,UZ,82348
672,672,784 Allen Tunnel Suite 344,South Tammyhaven,AM,48012
673,673,527 Susan Hollow Suite 859,Lake Kimberly,MN,79004
674,674,77953 Bowman Club,New Douglas,PL,41850
675,675,608 Kathy Harbor,Lake Jamesmouth,DM,92056
676,676,3711 Powers Parks,New Markmouth,MD,85542
677,677,94149 Joshua Turnpike,West Jamesstad,GR,18205
678,678,24692 Rebecca Harbors,Dennistown,BS,53628
679,679,253 Lam Estate,Brittanyland,ES,2205
680,680,4659 Cunningham Shoal Apt. 443,Marcusberg,CD,8938
681,681,280 Meadows Street,Port Bridget,JO,34520
682,682,32365 Higgins Passage,Williamsborough,UA,18102
683,683,4785 Meyer Island Apt. 734,West Amy,UZ,68991
684,684,33458 Martin Ports,Laneshire,CD,55858
685,685,607 Jones Walk,Victorberg,ER,73833
686,686,23926 Trevor Plains Suite 292,Wilsonborough,SZ,39857
687,687,151 Chen Lock Suite 600,Lake Allisonfurt,VU,88796
688,688,01503 Michael Road,Port Logan,SN,8977
689,689,0014 Debra Mountain,South Christopher,AF,86713
690,690,14931 Lawrence Meadow Apt. 777,Fordton,ZA,74104
691,691,3632 Jennifer Forges Apt. 266,South Danielle,CY,39866
692,692,62726 Hayes Unions,Smithstad,SV,3871
693,693,473 George Bridge Apt. 996,Lake Melissa,RU,62816
694,694,08114 Shannon Fields,Stevenview,AT,51240
695,695,952 Deborah Pines,North Huntermouth,GA,21380
696,696,4250 Glenn Vista,Robinsonfurt,KP,19598
697,697,716 Daniel Drive Suite 747,Georgeshire,MY,63576
698,698,92369 Riddle Wall,West Tiffany,QA,57111
699,699,9673 Jesse Extension Apt. 401,Johnsonbury,TL,59940
700,700,887 Gary Isle Apt. 835,Michaelbury,PH,55390
701,701,73800 Katie Points,Fosterfort,RW,55360
702,702,1350 Thomas Points Apt. 751,Wilcoxborough,EC,92370
703,703,483 Brooks Street Apt. 429,South Tabitha,PG,14894
704,704,487 Wells Cove Suite 047,North Jill,AO,27749
705,705,3001 James Islands,Heatherport,SD,52341
706,706,1263 Wolfe Grove,Gordonton,BZ,26466
707,707,4799 Timothy Street,Brownchester,IS,30475
708,708,6613 John Loaf,Doyleville,YE,50525
709,709,55627 Daniel Landing,Craigville,SA,44445
710,710,693 Carol Fords Apt. 342,North Noahberg,KP,47286
711,711,87302 Bridget Dam Apt. 983,North Danaland,IE,83013
712,712,0573 Garrison Shores Apt. 756,Wallacemouth,CI,9101
713,713,3479 Phillip Mission Suite 768,Pamelabury,BA,76585
714,714,493 Hardy Drive,Marcusside,DE,32421
715,715,6031 Garcia Ranch,New Lisaburgh,LY,52535
716,716,4246 Daniel Isle,East Kimberlyton,PA,16857
717,717,5897 Austin Squares,Taylorstad,TJ,2042
718,718,11251 White Trail Suite 772,Elizabethville,HN,10485
719,719,689 Laura Estates,Grahamport,KH,16329
720,720,7487 Jane Creek,East Chad,NL,56258
721,721,728 Antonio Springs Suite 377,West Kelliside,KI,19557
722,722,821 Daniel Plains,Morenomouth,AF,49646
723,723,63534 Christian Manor,New Jeffrey,CG,18863
724,724,820 Daniel Neck Apt. 729,North Stephenside,JM,81739
725,725,98853 Carlos Bypass,New Blakeview,IL,2512
726,726,666 Crystal Mews,Jimmymouth,SN,5234
727,727,01919 Taylor Prairie,Jeffreyview,IN,29494
728,728,6491 Jeffrey Road,Port Bruce,TJ,24945
729,729,948 Lisa Mission,Lake Christopherhaven,GE,51837
730,730,71292 Denise Meadow Suite 134,Lake Juliastad,RS,57038
731,731,2314 Stacey Station,Colleenfort,BN,25529
732,732,560 Nelson Ridges Apt. 925,North Cynthiastad,VU,95983
733,733,23687 Duncan Glens Apt. 959,New Carolborough,BJ,29422
734,734,87719 Duane Springs,Adrianville,NI,82874
735,735,53049 Ward Ferry,Port Brittanytown,ZM,72017
736,736,89523 Woods Glens,Port Jeffrey,GT,29553
737,737,732 Katrina Walks,Nicholshaven,OM,2430
738,738,4769 Billy Key,New Brandon,KR,52801
739,739,96171 Gonzalez Shores,New Anthony,CA,60589
740,740,9459 Shirley Throughway,Michaelview,MR,2479
741,741,29355 David Fields Apt. 812,East Chad,SL,8070
742,742,647 Theresa Fork,Haleymouth,GE,64455
743,743,265 Thomas Canyon,Jessicastad,AE,68636
744,744,33454 Nicholas Coves Suite 479,West Anthony,CF,81206
745,745,4268 Robert Neck,Avilafurt,TV,73713
746,746,48754 Douglas Run,Lake Kenneth,AU,54497
747,747,67856 Alvarez Lakes,Kimside,BN,78831
748,748,9389 Mario Park,North Heather,KZ,32920
749,749,661 Frank Ford Suite 686,Bryantside,TV,17454
750,750,13663 Nancy Rapids Apt. 794,Port Elizabeth,CM,28748
751,751,54880 Tyler Hill Suite 199,New Stephanie,ER,96842
752,752,975 Amber Cliff,Heatherville,MW,35035
753,753,4049 Rachel Village,Michaelfurt,SG,99014
754,754,724 Lynn Mountain Suite 015,South Karina,SI,77832
755,755,33576 Elizabeth Valley Apt. 658,West Cindyshire,NG,27558
756,756,65587 Smith Forge Suite 836,South Michelle,KZ,67119
757,757,1705 Emily River Suite 889,Lake Pamela,KE,21800
758,758,1721 Delgado Prairie Suite 629,Haneyland,SN,46609
759,759,092 Lam Run Suite 411,Dayshire,ZM,9587
760,760,44012 Jones Run Suite 882,South Deborahside,MG,59121
761,761,950 Phillips Drive,South Joseph,GE,59760
762,762,094 Williams Turnpike,New Michele,IN,12161
763,763,09294 Archer Ridge Suite 758,Aliciastad,NR,23854
764,764,72783 Desiree Plain,East Melaniestad,DK,39092
765,765,73735 Hodge Isle Apt. 064,Lewismouth,BB,83647
766,766,604 Chris Lakes,South Annettestad,KW,33199
767,767,705 Johnson Dale Suite 672,West Jennifer,SE,56804
768,768,67517 Kenneth Prairie,South Seanberg,BT,84517
769,769,8805 Tyler Lane Apt. 375,Hollystad,CN,49502
770,770,5315 Michelle Lights,South Williammouth,SE,11316
771,771,33355 Wells Rue Suite 584,Matthewside,MY,65617
772,772,6368 Kurt Lock Suite 261,West Amandaview,IT,49934
773,773,411 Foster Point Suite 043,South Timothy,PA,80256
774,774,2435 Elizabeth Forks,West Davidton,LI,31360
775,775,92173 Acevedo Meadows Suite 505,Lake Pamelaville,AL,93109
776,776,25006 Linda Manor,Dylanton,BJ,55293
777,777,129 Cruz Hill Apt. 875,West Robertton,UG,15160
778,778,808 Morris Fords Apt. 958,West Corey,TW,1578
779,779,4652 Harrell Mews Apt. 016,Ryanmouth,SA,75484
780,780,1824 Moore Road Suite 105,East Amanda,VC,85449
781,781,323 Brian Trafficway,South Nicholasport,NO,60266
782,782,89170 Michael Lakes,Ryantown,GR,24845
783,783,269 Melissa Circles,Heatherside,ID,72572
784,784,487 Kimberly Mission Suite 814,Kayleeport,LT,40636
785,785,138 Jennifer Creek,Lake Kellystad,NE,38295
786,786,19015 Mcclure Circles Suite 763,Joshuahaven,IE,90553
787,787,785 Suzanne Harbors Suite 496,Jonathanshire,MK,35645
788,788,3913 Miller Villages,Mooreville,MT,74407
789,789,24521 Rodriguez Trail,Maryshire,MU,51637
790,790,43887 Chad Brook,Alvarezhaven,NR,93124
791,791,27203 Michael Spring Apt. 636,Mackenzieshire,PT,56924
792,792,48867 Tran Vista Suite 104,Linborough,KH,17170
793,793,84938 Theodore Green,North Alexandraton,SI,27808
794,794,12542 Steven Squares Apt. 980,Port Amanda,BA,21079
795,795,2209 William Mills Suite 066,Leachchester,TG,29607
796,796,89287 Maria Place,Kylefurt,LI,42703
797,797,525 Joe Freeway Apt. 570,Markborough,KH,91828
798,798,83109 Thomas Spur Suite 885,Port Christine,IL,39134
799,799,906 Smith Falls,Cindyfurt,NA,85514
800,800,32809 James Cliff,New Ericborough,GM,60866
801,801,308 Derek Street Suite 693,Sherryfurt,EG,74519
802,802,910 Ryan Stravenue,Frankmouth,VC,64082
803,803,01073 Matthew Field Suite 357,East Richardstad,ID,28536
804,804,123 Garrett Meadows,Mikebury,GB,10381
805,805,92341 Sara Crest,Carterburgh,FJ,28542
806,806,7499 James Walks Apt. 729,South Jessicahaven,FI,75432
807,807,7805 Myers Parks Apt. 410,Carlburgh,OM,4804
808,808,941 Daniel Island Suite 570,Villegasport,CZ,32853
809,809,270 Heidi Inlet,Whitechester,AO,23223
810,810,892 Hahn Port,New Kristen,NR,795
811,811,756 Freeman Ranch,Briggshaven,RO,97098
812,812,1195 Mendoza Walk,Williamsburgh,AO,20906
813,813,862 Mary Pass,Valenzuelamouth,IR,9499
814,814,31470 Rodriguez Valley Apt. 764,South Christie,FI,46252
815,815,391 Hughes Squares Apt. 033,Joseburgh,LT,86931
816,816,02392 Morgan Viaduct Apt. 893,West Patriciaville,ER,65710
817,817,695 Bartlett Park,Danachester,UZ,81908
818,818,0207 Jennifer Field Apt. 762,Romerohaven,HN,67543
819,819,5230 Charles Inlet Suite 758,South Austin,AO,78128
820,820,0236 Jamie Court,Port Teresa,AG,11719
821,821,67041 Sophia Extensions Apt. 649,Sydneyton,DK,76499
822,822,731 Tamara Underpass,Emilybury,ER,85560
823,823,1327 Austin Lane,New Rhonda,IT,70531
824,824,66296 Brad Lodge,New Marychester,CF,66578
825,825,1460 Beltran Path Apt. 312,East Joe,AG,5222
826,826,0262 Hall Ridge,Julieton,NI,56701
827,827,5086 Christopher Oval,Lake Kimberlymouth,PS,36182
828,828,85018 Parks Alley Suite 931,Bobbyshire,CH,86525
829,829,4002 Jennifer Corners,New Roberta,BO,38014
830,830,09492 Cody Neck Suite 563,North Georgebury,PE,8106
831,831,71315 Debra Squares Suite 696,Williamsbury,ID,72369
832,832,1346 Taylor Extensions,Port Aprilside,PW,8569
833,833,2636 Morrow Knolls Apt. 147,South Mary,BB,61849
834,834,84150 Julie Overpass,South Kayla,TW,82599
835,835,1035 Hawkins Mills Suite 749,Johnsonfort,CZ,8460
836,836,924 Whitney Camp Suite 651,Matthewhaven,ZA,43995
837,837,08922 Kyle Brooks,Heatherton,CV,8495
838,838,5044 Montgomery Summit,Port Daniellestad,MU,3697
839,839,9920 Fritz Ford,South Territon,CL,66410
840,840,760 Janet Inlet,West Loriside,BT,28924
841,841,232 Obrien Viaduct Suite 237,North Eugene,PY,63525
842,842,852 Crystal Loop Suite 432,Tylerhaven,AF,96338
843,843,8332 Jones Village,East Nicholasport,ET,95798
844,844,0192 Patricia Loaf,Stephaniefort,SO,17244
845,845,1366 Samuel Parkway Apt. 490,North Kristinaburgh,MX,72769
846,846,6946 Parker Isle,East Joseville,MH,23912
847,847,27392 Lewis Prairie Suite 747,Port Sandraburgh,NA,81992
848,848,4820 Daniel Courts,Brendafort,DJ,8684
849,849,81417 Heath Road Apt. 675,Lake Renee,RU,91685
850,850,9512 Schmidt Inlet Suite 943,Joshuatown,MZ,81265
851,851,258 Schultz Port Suite 659,Elizabethmouth,CU,59383
852,852,694 Brown Skyway Suite 447,Harrisonport,ET,73298
853,853,424 Miller Vista Apt. 074,North Phillip,AU,72917
854,854,7869 Carpenter Streets,Keithland,NZ,65316
855,855,1721 Jason Shore Apt. 510,West Edwardburgh,CR,16003
856,856,7259 Burke Ways,Dawnbury,YE,99009
857,857,1364 Crystal Brook Suite 643,Lake Ashleyhaven,SO,95297
858,858,04413 Johnson Mission Apt. 067,Lake Jochester,CM,32012
859,859,2921 Johnson Dale Apt. 044,Horneton,MY,4849
860,860,84197 Kim Ports,Thompsonfort,BO,63951
861,861,1098 Randall Island Suite 952,Lake Deborahton,LY,60815
862,862,55157 Christopher Lodge Apt. 067,Hatfieldchester,NP,99144
863,863,460 Phillip Via Apt. 198,Port Preston,RU,16497
864,864,81622 Scott Turnpike,Ellisland,SK,41072
865,865,075 Torres Highway,South Rebecca,BI,56034
866,866,248 Monica Wells,New David,BG,58843
867,867,176 Bryan Wall,New Michelleberg,TT,40013
868,868,33540 Andrea Key,Lake Alexview,MM,85559
869,869,73962 Parker Prairie,Kingmouth,CA,4934
870,870,5905 Michelle Prairie,Timothymouth,VU,19948
871,871,453 Thompson Hollow Suite 005,West Aprilport,NI,75018
872,872,389 Cabrera Points Suite 224,Trantown,VN,17554
873,873,20834 Ballard Manor Apt. 630,Jadestad,MK,13987
874,874,35758 Martin Estate,Lindachester,MR,83053
875,875,31896 Lucas Street Apt. 794,Port Hannah,PY,9947
876,876,1149 Trevino Wells Apt. 889,East Emilyside,NO,11147
877,877,136 Cain Ways Suite 406,South William,AU,75510
878,878,3250 Teresa Row Suite 012,Denisestad,TT,36547
879,879,30064 Danielle Mills Suite 631,New Sharon,DM,25941
880,880,3445 Daniel Lane Apt. 420,Housetown,ME,98730
881,881,40951 Vaughan River Suite 089,West Chad,MG,22644
882,882,16770 Patricia Glens Suite 731,East Tina,BS,85287
883,883,616 Connie Mews Suite 520,Collinsbury,UZ,84031
884,884,83632 Kathleen Pines,Laurenport,KP,87761
885,885,920 Ford Harbors,Port Tommyside,LC,29852
886,886,60435 Roberts Crossroad Apt. 440,Lake Roger,SD,85753
887,887,63964 Nicholas Extension Suite 660,Lewisbury,DK,78098
888,888,3024 Roberto Forge Apt. 744,Melissafurt,MN,86515
889,889,5478 Lloyd Cape Suite 394,South Elizabeth,IN,42367
890,890,0996 Tyler Canyon Suite 889,East Tylerland,VC,11395
891,891,48569 Mitchell Valley,Stuartton,BD,3503
892,892,36392 Jeffrey Knolls,West Sean,YE,69149
893,893,764 Hall Village,West Jamesshire,AU,2864
894,894,87274 Anthony Junctions,Mariotown,MZ,47662
895,895,9655 Joshua Island,West Patricia,FM,12927
896,896,358 Porter Village Suite 115,Calvinhaven,GN,91870
897,897,349 Carter Lodge Apt. 983,Olsenside,IE,95952
898,898,0711 Zachary Fall Apt. 665,Patriciaview,BR,54850
899,899,707 Corey Village Suite 951,South Christopher,CL,86589
900,900,2734 Greer Field Apt. 744,Amytown,MH,18358
901,901,708 William Well Apt. 463,Madisonstad,DE,9830
902,902,1887 Hendrix Pass,Morrischester,AT,31990
903,903,9348 Abigail Plain,East Scottbury,BJ,62468
904,904,49270 Smith Greens,East Joseph,RO,5246
905,905,55054 Christine Skyway Apt. 722,West Jeffreyhaven,BJ,2204
906,906,863 Stephens Plain,West Danny,GN,67016
907,907,941 Taylor Islands Apt. 981,South Timothy,CD,27050
908,908,33027 Donovan Garden Apt. 436,Estradamouth,NE,11998
909,909,50021 Janet Via,West Jonathan,LS,44193
910,910,860 Davis Greens Suite 036,Coletown,VN,72470
911,911,2497 Green Dale,Allisonfort,JP,40404
912,912,3189 Brooks Circles Suite 482,Kruegerhaven,GB,60408
913,913,9961 Newman Drive Suite 365,Wilsonton,GE,3155
914,914,807 Leonard Canyon,Port Thomasstad,DO,79744
915,915,214 Timothy Forks,North Richard,PY,56163
916,916,96687 Anthony Hills,Michaelfort,AT,22724
917,917,6058 Hansen Estates,North Jacqueline,IR,6268
918,918,7508 Reid Inlet,Santosburgh,BZ,65354
919,919,447 Stout Shoal Apt. 802,New Ambermouth,PW,84730
920,920,5701 Matthew Camp Apt. 493,Kathleenshire,VC,48867
921,921,864 Laura Mountain,South Michael,ID,85913
922,922,3798 Armstrong Roads,South Alyssa,SM,88014
923,923,69567 Carr Flats,Bellberg,TR,72027
924,924,3897 Rivera Summit,Lake Adam,KG,44819
925,925,47632 Haynes Wells Suite 549,Erikland,SD,75568
926,926,373 Eric Spring,East Sheilashire,SK,17411
927,927,45643 Martin Center Suite 600,Bassville,PH,86930
928,928,24886 Brown Trafficway,Toddshire,CM,48556
929,929,3432 Larry Crest,Port Keithstad,DE,60641
930,930,7164 Teresa Haven Apt. 845,Hollyshire,AF,73210
931,931,48877 Vanessa Park Apt. 280,West Ronaldmouth,NO,61657
932,932,673 Robin Islands,Port Sheenafort,BD,17758
933,933,57006 Michael Walk Apt. 842,Port Jonathanfort,CM,6328
934,934,3815 Kim Mews Apt. 534,Caldwellburgh,CL,78081
935,935,3641 Gregory Estates Suite 118,South Christinetown,LR,71224
936,936,32023 Ashley Walk Suite 468,Lake Paulborough,FI,70989
937,937,8088 Mills Gardens Suite 441,Cabreraview,NO,60637
938,938,483 Alicia View Suite 101,West David,PA,98535
939,939,918 Cunningham Flat,Kelleymouth,HT,20619
940,940,34246 Melissa Rapid Apt. 872,Pamelaland,KP,31381
941,941,08810 Gilbert Lane Apt. 682,Jenniferborough,IQ,40351
942,942,26593 Snyder Roads,Hoffmanchester,NR,48231
943,943,0343 Ward Ridges,Bobbyshire,BZ,57134
944,944,29893 Holly Tunnel,New Samuel,ZM,74062
945,945,59458 Kenneth Tunnel Apt. 123,North Melinda,HN,49472
946,946,65498 Melissa Way,Scottchester,TT,78437
947,947,9145 Christopher Mill Suite 843,West Laura,SN,2116
948,948,15902 Clark Springs,Jamesland,PH,91018
949,949,27953 Beverly Squares Suite 299,Roybury,PE,23656
950,950,02230 Bruce Grove,West Scott,VC,69542
951,951,27929 Gina Port,North Feliciamouth,RS,32454
952,952,87306 Leslie Forge Apt. 261,West Christopher,ET,9698
953,953,14858 Wilson Creek,Kanemouth,NG,42807
954,954,04685 Bell Shore,New Karenmouth,NA,2411
955,955,61520 Shaw Pines,East Anthony,VE,17792
956,956,77818 Justin Brooks,Thompsonmouth,SE,51488
957,957,201 Walls Drives Apt. 209,West Juliabury,ZW,35362
958,958,29604 Wolfe Terrace Suite 243,Petermouth,TW,67103
959,959,6568 Vazquez Mountain,East Donna,KH,27952
960,960,63694 Harrison Tunnel,West Andrew,KG,43364
961,961,500 Jeffrey Trail Apt. 950,New Jacobville,BG,77495
962,962,62535 Torres Terrace,North Tiffany,TH,59762
963,963,6790 Lara Island Apt. 963,Derekville,CA,91630
964,964,90407 James Courts,Brownside,UZ,37479
965,965,421 Jennifer Lake Suite 676,Johnside,ZM,10932
966,966,59459 Jill View,West Philipview,AO,46592
967,967,3823 Olivia Glens,Lake Tonya,TL,66639
968,968,112 Kristi Course Suite 457,West Amanda,SZ,13477
969,969,277 Delgado Village,New Jason,BN,3592
970,970,949 Shaw Oval Apt. 244,Loriside,SO,94173
971,971,332 Cross Plain Apt. 176,Millsfurt,KN,64858
972,972,5084 Samuel Lodge Apt. 032,Jacobborough,KN,98674
973,973,7843 Heather Branch,Kellyborough,HT,28052
974,974,16113 White Locks Suite 354,Cynthiaport,MN,62427
975,975,8454 Danielle Forges Suite 373,West Jennifer,AD,7415
976,976,05998 Powers Flat,Woodschester,ZA,46194
977,977,41135 Rios Squares Apt. 598,Nguyenfort,VE,24514
978,978,8718 Danielle Keys,Port Kevin,PY,86590
979,979,120 Deborah Orchard Apt. 710,Donnafurt,ES,80627
980,980,8611 Wyatt Groves,Amandaview,PL,91879
981,981,036 Munoz Villages Apt. 333,South Rogerbury,LV,37471
982,982,2986 Hancock Forge,Harrisonfort,CZ,63007
983,983,900 Erin Summit,Ballardfort,US,29039
984,984,87662 Clayton Rue,Russelltown,EG,9732
985,985,010 Flores Glens Suite 511,Edwardsmouth,ME,12462
986,986,7033 Shari Rue,Hughesfort,AR,20404
987,987,40906 Alexis Vista Suite 502,Jeffreystad,PS,81165
988,988,18440 Parker Ranch Apt. 234,Port Cody,MY,85603
989,989,164 Richards Lodge,Pagemouth,NL,54380
990,990,139 Bautista Union,Rodriguezstad,KE,31376
991,991,69703 Cook Islands,New Laurachester,KR,40489
992,992,15722 Rhodes Gardens Apt. 058,West Charles,UZ,46663
993,993,95702 Lester Pass,Kimberlyport,AZ,29335
994,994,344 Christopher Port Suite 996,East Lydia,TH,34245
995,995,351 Webster Crescent Apt. 999,Sanchezbury,MA,35692
996,996,02929 Barry Vista,Amberside,TO,3237
997,997,732 Middleton Oval,East Brittneyland,ET,66407
998,998,7556 Cruz Squares,North Lisa,JO,91820
999,999,292 Herbert Inlet Apt. 524,West Jonathanside,KP,40715
